{"frames": {

"producer_active":
{
	"frame": {"x":2,"y":2,"w":30,"h":30},
	"rotated": false,
	"trimmed": false,
	"spriteSourceSize": {"x":0,"y":0,"w":30,"h":30},
	"sourceSize": {"w":30,"h":30},
	"pivot": {"x":0.5,"y":0.5}
},
"producer_done":
{
	"frame": {"x":34,"y":2,"w":30,"h":30},
	"rotated": false,
	"trimmed": false,
	"spriteSourceSize": {"x":0,"y":0,"w":30,"h":30},
	"sourceSize": {"w":30,"h":30},
	"pivot": {"x":0.5,"y":0.5}
},
"producer_idle":
{
	"frame": {"x":66,"y":2,"w":30,"h":30},
	"rotated": false,
	"trimmed": false,
	"spriteSourceSize": {"x":0,"y":0,"w":30,"h":30},
	"sourceSize": {"w":30,"h":30},
	"pivot": {"x":0.5,"y":0.5}
},
"bottle":
{
	"frame": {"x":98,"y":2,"w":39,"h":53},
	"rotated": false,
	"trimmed": false,
	"spriteSourceSize": {"x":0,"y":0,"w":39,"h":53},
	"sourceSize": {"w":39,"h":53},
	"pivot": {"x":0.5,"y":0.5}
},
"arrow":
{
	"frame": {"x":139,"y":2,"w":41,"h":56},
	"rotated": false,
	"trimmed": false,
	"spriteSourceSize": {"x":0,"y":0,"w":41,"h":56},
	"sourceSize": {"w":41,"h":56},
	"pivot": {"x":0.5,"y":0.5}
},
"mies":
{
	"frame": {"x":182,"y":2,"w":40,"h":61},
	"rotated": false,
	"trimmed": false,
	"spriteSourceSize": {"x":0,"y":0,"w":40,"h":61},
	"sourceSize": {"w":40,"h":61},
	"pivot": {"x":0.5,"y":0.5}
},
"mies_selected":
{
	"frame": {"x":224,"y":2,"w":40,"h":61},
	"rotated": false,
	"trimmed": false,
	"spriteSourceSize": {"x":0,"y":0,"w":40,"h":61},
	"sourceSize": {"w":40,"h":61},
	"pivot": {"x":0.5,"y":0.5}
},
"floor":
{
	"frame": {"x":266,"y":2,"w":70,"h":40},
	"rotated": false,
	"trimmed": false,
	"spriteSourceSize": {"x":0,"y":0,"w":70,"h":40},
	"sourceSize": {"w":70,"h":40},
	"pivot": {"x":0.5,"y":0.5}
},
"cook":
{
	"frame": {"x":338,"y":2,"w":70,"h":40},
	"rotated": false,
	"trimmed": false,
	"spriteSourceSize": {"x":0,"y":0,"w":70,"h":40},
	"sourceSize": {"w":70,"h":40},
	"pivot": {"x":0.5,"y":0.5}
},
"select":
{
	"frame": {"x":410,"y":2,"w":70,"h":40},
	"rotated": false,
	"trimmed": false,
	"spriteSourceSize": {"x":0,"y":0,"w":70,"h":40},
	"sourceSize": {"w":70,"h":40},
	"pivot": {"x":0.5,"y":0.5}
},
"sell":
{
	"frame": {"x":482,"y":2,"w":70,"h":40},
	"rotated": false,
	"trimmed": false,
	"spriteSourceSize": {"x":0,"y":0,"w":70,"h":40},
	"sourceSize": {"w":70,"h":40},
	"pivot": {"x":0.5,"y":0.5}
},
"pipes":
{
	"frame": {"x":554,"y":2,"w":70,"h":43},
	"rotated": false,
	"trimmed": false,
	"spriteSourceSize": {"x":0,"y":0,"w":70,"h":43},
	"sourceSize": {"w":70,"h":43},
	"pivot": {"x":0.5,"y":0.5}
},
"lager_case":
{
	"frame": {"x":626,"y":2,"w":69,"h":44},
	"rotated": false,
	"trimmed": false,
	"spriteSourceSize": {"x":0,"y":0,"w":69,"h":44},
	"sourceSize": {"w":69,"h":44},
	"pivot": {"x":0.5,"y":0.5}
},
"lager_case_selected":
{
	"frame": {"x":2,"y":65,"w":69,"h":44},
	"rotated": false,
	"trimmed": false,
	"spriteSourceSize": {"x":0,"y":0,"w":69,"h":44},
	"sourceSize": {"w":69,"h":44},
	"pivot": {"x":0.5,"y":0.5}
},
"dark_case_selected":
{
	"frame": {"x":73,"y":65,"w":70,"h":44},
	"rotated": false,
	"trimmed": false,
	"spriteSourceSize": {"x":0,"y":0,"w":70,"h":44},
	"sourceSize": {"w":70,"h":44},
	"pivot": {"x":0.5,"y":0.5}
},
"dark_case":
{
	"frame": {"x":145,"y":65,"w":70,"h":44},
	"rotated": false,
	"trimmed": false,
	"spriteSourceSize": {"x":0,"y":0,"w":70,"h":44},
	"sourceSize": {"w":70,"h":44},
	"pivot": {"x":0.5,"y":0.5}
},
"porter_case":
{
	"frame": {"x":217,"y":65,"w":70,"h":44},
	"rotated": false,
	"trimmed": false,
	"spriteSourceSize": {"x":0,"y":0,"w":70,"h":44},
	"sourceSize": {"w":70,"h":44},
	"pivot": {"x":0.5,"y":0.5}
},
"porter_case_selected":
{
	"frame": {"x":289,"y":65,"w":70,"h":44},
	"rotated": false,
	"trimmed": false,
	"spriteSourceSize": {"x":0,"y":0,"w":70,"h":44},
	"sourceSize": {"w":70,"h":44},
	"pivot": {"x":0.5,"y":0.5}
},
"money_symbol":
{
	"frame": {"x":361,"y":65,"w":56,"h":56},
	"rotated": false,
	"trimmed": false,
	"spriteSourceSize": {"x":0,"y":0,"w":56,"h":56},
	"sourceSize": {"w":56,"h":56},
	"pivot": {"x":0.5,"y":0.5}
},
"consumable":
{
	"frame": {"x":419,"y":65,"w":70,"h":47},
	"rotated": false,
	"trimmed": false,
	"spriteSourceSize": {"x":0,"y":0,"w":70,"h":47},
	"sourceSize": {"w":70,"h":47},
	"pivot": {"x":0.5,"y":0.5}
},
"consumable_selected":
{
	"frame": {"x":491,"y":65,"w":70,"h":47},
	"rotated": false,
	"trimmed": false,
	"spriteSourceSize": {"x":0,"y":0,"w":70,"h":47},
	"sourceSize": {"w":70,"h":47},
	"pivot": {"x":0.5,"y":0.5}
},
"lagerbutton_out":
{
	"frame": {"x":563,"y":65,"w":60,"h":60},
	"rotated": false,
	"trimmed": false,
	"spriteSourceSize": {"x":0,"y":0,"w":60,"h":60},
	"sourceSize": {"w":60,"h":60},
	"pivot": {"x":0.5,"y":0.5}
},
"lagerbutton_over":
{
	"frame": {"x":625,"y":65,"w":60,"h":60},
	"rotated": false,
	"trimmed": false,
	"spriteSourceSize": {"x":0,"y":0,"w":60,"h":60},
	"sourceSize": {"w":60,"h":60},
	"pivot": {"x":0.5,"y":0.5}
},
"long_brew_out":
{
	"frame": {"x":687,"y":65,"w":60,"h":60},
	"rotated": false,
	"trimmed": false,
	"spriteSourceSize": {"x":0,"y":0,"w":60,"h":60},
	"sourceSize": {"w":60,"h":60},
	"pivot": {"x":0.5,"y":0.5}
},
"long_brew_over":
{
	"frame": {"x":2,"y":127,"w":60,"h":60},
	"rotated": false,
	"trimmed": false,
	"spriteSourceSize": {"x":0,"y":0,"w":60,"h":60},
	"sourceSize": {"w":60,"h":60},
	"pivot": {"x":0.5,"y":0.5}
},
"short_brew_out":
{
	"frame": {"x":64,"y":127,"w":60,"h":60},
	"rotated": false,
	"trimmed": false,
	"spriteSourceSize": {"x":0,"y":0,"w":60,"h":60},
	"sourceSize": {"w":60,"h":60},
	"pivot": {"x":0.5,"y":0.5}
},
"short_brew_over":
{
	"frame": {"x":126,"y":127,"w":60,"h":60},
	"rotated": false,
	"trimmed": false,
	"spriteSourceSize": {"x":0,"y":0,"w":60,"h":60},
	"sourceSize": {"w":60,"h":60},
	"pivot": {"x":0.5,"y":0.5}
},
"ipabutton_over":
{
	"frame": {"x":188,"y":127,"w":60,"h":60},
	"rotated": false,
	"trimmed": false,
	"spriteSourceSize": {"x":0,"y":0,"w":60,"h":60},
	"sourceSize": {"w":60,"h":60},
	"pivot": {"x":0.5,"y":0.5}
},
"darkbutton_out":
{
	"frame": {"x":250,"y":127,"w":60,"h":60},
	"rotated": false,
	"trimmed": false,
	"spriteSourceSize": {"x":0,"y":0,"w":60,"h":60},
	"sourceSize": {"w":60,"h":60},
	"pivot": {"x":0.5,"y":0.5}
},
"darkbutton_over":
{
	"frame": {"x":312,"y":127,"w":60,"h":60},
	"rotated": false,
	"trimmed": false,
	"spriteSourceSize": {"x":0,"y":0,"w":60,"h":60},
	"sourceSize": {"w":60,"h":60},
	"pivot": {"x":0.5,"y":0.5}
},
"ipabutton_out":
{
	"frame": {"x":374,"y":127,"w":60,"h":60},
	"rotated": false,
	"trimmed": false,
	"spriteSourceSize": {"x":0,"y":0,"w":60,"h":60},
	"sourceSize": {"w":60,"h":60},
	"pivot": {"x":0.5,"y":0.5}
},
"dirt":
{
	"frame": {"x":436,"y":127,"w":70,"h":59},
	"rotated": false,
	"trimmed": false,
	"spriteSourceSize": {"x":0,"y":0,"w":70,"h":59},
	"sourceSize": {"w":70,"h":59},
	"pivot": {"x":0.5,"y":0.5}
},
"pipes2":
{
	"frame": {"x":508,"y":127,"w":78,"h":78},
	"rotated": false,
	"trimmed": false,
	"spriteSourceSize": {"x":0,"y":0,"w":78,"h":78},
	"sourceSize": {"w":78,"h":78},
	"pivot": {"x":0.5,"y":0.5}
},
"seek-employee-symbol":
{
	"frame": {"x":588,"y":127,"w":100,"h":71},
	"rotated": false,
	"trimmed": false,
	"spriteSourceSize": {"x":0,"y":0,"w":100,"h":71},
	"sourceSize": {"w":100,"h":71},
	"pivot": {"x":0.5,"y":0.5}
},
"consumable_button_over":
{
	"frame": {"x":2,"y":207,"w":100,"h":93},
	"rotated": false,
	"trimmed": false,
	"spriteSourceSize": {"x":0,"y":0,"w":100,"h":93},
	"sourceSize": {"w":100,"h":93},
	"pivot": {"x":0.5,"y":0.5}
},
"consumable_button_out":
{
	"frame": {"x":104,"y":207,"w":100,"h":93},
	"rotated": false,
	"trimmed": false,
	"spriteSourceSize": {"x":0,"y":0,"w":100,"h":93},
	"sourceSize": {"w":100,"h":93},
	"pivot": {"x":0.5,"y":0.5}
},
"seek_button_out":
{
	"frame": {"x":206,"y":207,"w":100,"h":93},
	"rotated": false,
	"trimmed": false,
	"spriteSourceSize": {"x":0,"y":0,"w":100,"h":93},
	"sourceSize": {"w":100,"h":93},
	"pivot": {"x":0.5,"y":0.5}
},
"seek_button_over":
{
	"frame": {"x":308,"y":207,"w":100,"h":93},
	"rotated": false,
	"trimmed": false,
	"spriteSourceSize": {"x":0,"y":0,"w":100,"h":93},
	"sourceSize": {"w":100,"h":93},
	"pivot": {"x":0.5,"y":0.5}
},
"pelaa_over":
{
	"frame": {"x":410,"y":207,"w":198,"h":63},
	"rotated": false,
	"trimmed": false,
	"spriteSourceSize": {"x":0,"y":0,"w":198,"h":63},
	"sourceSize": {"w":198,"h":63},
	"pivot": {"x":0.5,"y":0.5}
},
"pelaa_up":
{
	"frame": {"x":2,"y":302,"w":198,"h":63},
	"rotated": false,
	"trimmed": false,
	"spriteSourceSize": {"x":0,"y":0,"w":198,"h":63},
	"sourceSize": {"w":198,"h":63},
	"pivot": {"x":0.5,"y":0.5}
},
"kettle1_selected":
{
	"frame": {"x":202,"y":302,"w":107,"h":140},
	"rotated": false,
	"trimmed": false,
	"spriteSourceSize": {"x":0,"y":0,"w":107,"h":140},
	"sourceSize": {"w":107,"h":140},
	"pivot": {"x":0.5,"y":0.5}
},
"kettle1":
{
	"frame": {"x":311,"y":302,"w":107,"h":140},
	"rotated": false,
	"trimmed": false,
	"spriteSourceSize": {"x":0,"y":0,"w":107,"h":140},
	"sourceSize": {"w":107,"h":140},
	"pivot": {"x":0.5,"y":0.5}
},
"kettle3_with_bubbles":
{
	"frame": {"x":420,"y":302,"w":132,"h":114},
	"rotated": false,
	"trimmed": false,
	"spriteSourceSize": {"x":0,"y":0,"w":132,"h":114},
	"sourceSize": {"w":132,"h":114},
	"pivot": {"x":0.5,"y":0.5}
},
"kettle3_with_bubbles_selected":
{
	"frame": {"x":554,"y":302,"w":132,"h":114},
	"rotated": false,
	"trimmed": false,
	"spriteSourceSize": {"x":0,"y":0,"w":132,"h":114},
	"sourceSize": {"w":132,"h":114},
	"pivot": {"x":0.5,"y":0.5}
},
"kettle3_with_bubbles0":
{
	"frame": {"x":2,"y":444,"w":118,"h":137},
	"rotated": false,
	"trimmed": false,
	"spriteSourceSize": {"x":0,"y":0,"w":118,"h":137},
	"sourceSize": {"w":118,"h":137},
	"pivot": {"x":0.5,"y":0.5}
},
"bottlemachine_step1":
{
	"frame": {"x":122,"y":444,"w":124,"h":142},
	"rotated": false,
	"trimmed": false,
	"spriteSourceSize": {"x":0,"y":0,"w":124,"h":142},
	"sourceSize": {"w":124,"h":142},
	"pivot": {"x":0.5,"y":0.5}
},
"bottlemachine_step2":
{
	"frame": {"x":248,"y":444,"w":124,"h":142},
	"rotated": false,
	"trimmed": false,
	"spriteSourceSize": {"x":0,"y":0,"w":124,"h":142},
	"sourceSize": {"w":124,"h":142},
	"pivot": {"x":0.5,"y":0.5}
},
"bottlemachine_step3":
{
	"frame": {"x":374,"y":444,"w":124,"h":142},
	"rotated": false,
	"trimmed": false,
	"spriteSourceSize": {"x":0,"y":0,"w":124,"h":142},
	"sourceSize": {"w":124,"h":142},
	"pivot": {"x":0.5,"y":0.5}
},
"bottlemachine_step0":
{
	"frame": {"x":500,"y":444,"w":124,"h":142},
	"rotated": false,
	"trimmed": false,
	"spriteSourceSize": {"x":0,"y":0,"w":124,"h":142},
	"sourceSize": {"w":124,"h":142},
	"pivot": {"x":0.5,"y":0.5}
},
"kettle4":
{
	"frame": {"x":626,"y":444,"w":128,"h":161},
	"rotated": false,
	"trimmed": false,
	"spriteSourceSize": {"x":0,"y":0,"w":128,"h":161},
	"sourceSize": {"w":128,"h":161},
	"pivot": {"x":0.5,"y":0.5}
},
"kettle4_selected":
{
	"frame": {"x":2,"y":607,"w":128,"h":161},
	"rotated": false,
	"trimmed": false,
	"spriteSourceSize": {"x":0,"y":0,"w":128,"h":161},
	"sourceSize": {"w":128,"h":161},
	"pivot": {"x":0.5,"y":0.5}
},
"bottlemachine_step":
{
	"frame": {"x":132,"y":607,"w":136,"h":154},
	"rotated": false,
	"trimmed": false,
	"spriteSourceSize": {"x":0,"y":0,"w":136,"h":154},
	"sourceSize": {"w":136,"h":154},
	"pivot": {"x":0.5,"y":0.5}
},
"bottlemachine_step_selected":
{
	"frame": {"x":270,"y":607,"w":136,"h":154},
	"rotated": false,
	"trimmed": false,
	"spriteSourceSize": {"x":0,"y":0,"w":136,"h":154},
	"sourceSize": {"w":136,"h":154},
	"pivot": {"x":0.5,"y":0.5}
},
"moneybar":
{
	"frame": {"x":408,"y":607,"w":345,"h":83},
	"rotated": false,
	"trimmed": false,
	"spriteSourceSize": {"x":0,"y":0,"w":345,"h":83},
	"sourceSize": {"w":345,"h":83},
	"pivot": {"x":0.5,"y":0.5}
},
"back_wall_left":
{
	"frame": {"x":2,"y":770,"w":302,"h":232},
	"rotated": false,
	"trimmed": false,
	"spriteSourceSize": {"x":0,"y":0,"w":302,"h":232},
	"sourceSize": {"w":302,"h":232},
	"pivot": {"x":0.5,"y":0.5}
},
"back_wall_right":
{
	"frame": {"x":306,"y":770,"w":310,"h":234},
	"rotated": false,
	"trimmed": false,
	"spriteSourceSize": {"x":0,"y":0,"w":310,"h":234},
	"sourceSize": {"w":310,"h":234},
	"pivot": {"x":0.5,"y":0.5}
},
"messages_bg":
{
	"frame": {"x":618,"y":770,"w":142,"h":618},
	"rotated": false,
	"trimmed": false,
	"spriteSourceSize": {"x":0,"y":0,"w":142,"h":618},
	"sourceSize": {"w":142,"h":618},
	"pivot": {"x":0.5,"y":0.5}
},
"back_wall_both":
{
	"frame": {"x":2,"y":1390,"w":684,"h":254},
	"rotated": false,
	"trimmed": false,
	"spriteSourceSize": {"x":0,"y":0,"w":684,"h":254},
	"sourceSize": {"w":684,"h":254},
	"pivot": {"x":0.5,"y":0.5}
},
"logo":
{
	"frame": {"x":2,"y":1646,"w":640,"h":347},
	"rotated": false,
	"trimmed": false,
	"spriteSourceSize": {"x":0,"y":0,"w":640,"h":347},
	"sourceSize": {"w":640,"h":347},
	"pivot": {"x":0.5,"y":0.5}
}},
"meta": {
	"app": "http://www.codeandweb.com/texturepacker",
	"version": "1.0",
	"image": "brew_sprites.png",
	"format": "RGBA8888",
	"size": {"w":762,"h":1995},
	"scale": "1",
	"smartupdate": "$TexturePacker:SmartUpdate:d0ee0de4060a827740e45e4c03607b27:762595278e348a60b3a5afdbb3e4eec6:e325bcc26a2f8fec181af486dd8a3cc9$"
}
}
