{
  "resources": [
    "assets/audio/sfx.mp3",
    "assets/audio/sfx.ogg"
  ],
  "spritemap": {
    "bubbling": {
      "start": 0,
      "end": 1.6515873015873015,
      "loop": false
    },
    "ding": {
      "start": 3,
      "end": 4.416689342403628,
      "loop": false
    },
    "kilahdus": {
      "start": 6,
      "end": 6.835918367346939,
      "loop": false
    },
    "lyhin_kilahdus": {
      "start": 8,
      "end": 8.101587301587301,
      "loop": false
    },
    "lyhyt_kilahdus": {
      "start": 10,
      "end": 10.626938775510204,
      "loop": false
    },
    "swishes": {
      "start": 12,
      "end": 12.31453514739229,
      "loop": false
    }
  }
}