{
    "ads": [
        {
            "title": "Jättitölkki",
            "content": "Rakenna jättitölkki hintaan 1000e",
            "due": 1000,
            "dueText": "Jättitölkkisi on laiton, sait sakot! Think of the children!"
            },

        {
            "title": "Tienvarsi",
            "content": "Tienvarsimainos",
            "due": 1000,
            "dueText": "Yleisillä paikoilla mainostaminen on laitonta.<p style='font-size:70%'> (Alkoholilaki 33.2 §:n 9 kohta ja 33.5 §)</p>"
            },
        {
            "title": "Raitiovaunu",
            "content": "Mainosta raitiovaunussa",
            "due": 1000,
            "dueText": "Yleisillä paikoilla mainostaminen on laitonta.<p style='font-size:70%'> (Alkoholilaki 33.2 §:n 9 kohta ja 33.5 §)</p>"
            },

        {
            "title": "Facebook",
            "content": "Jaa Facebookissa asiakkaan lähettämä olutvideo",
            "due": 500,
            "dueText": "Facebookissa mainostaminen on laitonta!"
            },
        {
            "title": "Facebook",
            "content": "Arvo tuotteitasi somekampanjalla",
            "due": 500,
            "dueText": "Facebookissa mainostaminen on laitonta!"
            },
        {
            "title": "Facebook",
            "content": "Pyydä asiakkaita arvostelemaan tuotteitasi facebookissa",
            "due": 500,
            "dueText": "Facebookissa mainostaminen on laitonta!"
            },


        {
            "title": "Laillinen",
            "content": "Mainosta tv:ssä klo 22 jälkeen",
            "due": 500,
            "dueText": "Mainostit onnistuneesti ja kysyntä kasvaa."
            },
        {
            "title": "Laillinen",
            "content": "Esittele tuotteitasi messuilla",
            "due": 0,
            "dueText": "Mainostit onnistuneesti! Jee!"
            },
        {
            "title": "Laillinen",
            "content": "Sponsoroi paikallista lentopalloseuraa",
            "due": 10000,
            "dueText": "Mainostit onnistuneesti!"
            },
        {
            "title": "Laillinen",
            "content": "Osta mainos jäähallin kaukaloon",
            "due": 15000,
            "dueText": "Mainostit onnistuneesti!"
            }


],
    "tutorial": [
        {
            "title": "mäskikattila",
            "content": "Mäskikattila, jossa maltaat mäskätään. Klikkaa sitä ensimmäisenä"
            },
        {
            "title": "Kattila",
            "content": "Pääkäymiskattila, jossa olut käy 2-4 viikkoa."
            },
        {
            "title": "Tilaus",
            "content": "Postilaatikkoosi saapuu välillä tilauksia"
     },
        {
            "title": "Laiton",
            "content": "Varo laittomuuksia, sillä kolmesta rikkeestä menetät toimilupasi"
     }
 ]

}